"title","country_count"
"Barbecue","12"
"The Look of Silence","10"
"Shaun the Sheep","8"
"The Professor and the Madman","8"
"Arctic Dogs","7"
"Domino","7"
"The Congress","7"
"The Take","7"
"The Breadwinner","7"
"Stop at Nothing: The Lance Armstrong Story","6"
"A Sort of Family","6"
"The Danish Girl","6"
"The Command","6"
"Sankofa","6"
"Beyond Skyline","6"
"Frozen Planet: The Epic Journey","6"
"Frozen Planet: On Thin Ice","6"
"Frozen Planet","6"
"Another Forever","6"
"The Making of Frozen Planet","6"
"Wadjda","6"
"Nymphomaniac: Volume II","6"
"Ultimate Beastmaster","6"
"Shaka Zulu","5"
"Temporada de Caza","5"
"Empire of Scents","5"
"Devil's Bride","5"
"Kahlil Gibran's The Prophet","5"
"Colonia","5"
"Kon-Tiki","5"
"Funan","5"
"Pope Francis: A Man of His Word","5"
"Houston, We Have a Problem!","5"
"The Salvation","5"
"Neruda","5"
"The Pirates of Somalia","5"
"Black Crows","5"
"Resident Evil: Afterlife","5"
"Waterschool","5"
"The Pianist","5"
"Zozo","5"
"Olmo & the Seagull","5"
"The Operative","5"
"Iron Man: Armored Adventures","5"
"Océans","5"
"The Death of Stalin","5"
"The Lobster","5"
"The Little Prince","5"
"Nymphomaniac: Volume 1","5"
"The Last Shaman","5"
"Casino Royale","5"
"Why Knot","5"
"My Love: Six Stories of True Love","5"
"The Bling Ring","5"
"A Shaun the Sheep Movie: Farmageddon","5"
"Heritages","5"
"Suite Française","5"
"Trophy","5"
"The Land of the Enlightened","5"
"At Eternity's Gate","5"
"About a Boy","4"
"Seventh Son","4"
"Battle","4"
"Criminal: UK","4"
"Sherlock Holmes","4"
"Crouching Tiger, Hidden Dragon","4"
"Croupier","4"
"Losing Sight of Shore","4"
"Animal Crackers","4"
"Ginger & Rosa","4"
"Brave Miss World","4"
"Gnome Alone","4"
"Brick Mansions","4"
"Good Night, and Good Luck","4"
"Good People","4"
"Snowden","4"
"Anon","4"
"Maps to the Stars","4"
"Gothika","4"
"Bugs","4"
"Green Zone","4"
"Message from the King","4"
"H2O: Mermaid Adventures","4"
"Mia and Me","4"
"Bwakaw","4"
"Happy as Lazzaro","4"
"Miraculous: Tales of Ladybug & Cat Noir","4"
"Miss Julie","4"
"Miss Sloane","4"
"Terminator Salvation","4"
"District 9","4"
"Doctor Zhivago","4"
"Mr. Gaga: A True Story of Love and Dance","4"
"Doom","4"
"The Borgias","4"
"Dr. Seuss' The Grinch","4"
"Hostage to the Devil","4"
"Aurora","4"
"Catching the Sun","4"
"Automata","4"
"The Da Vinci Code","4"
"The Day I lost My Shadow","4"
"Nisman: The Prosecutor, the President, and the Spy","4"
"Norm of the North: King Sized Adventure","4"
"The Eddy","4"
"I Am Not Your Negro","4"
"The Foreigner","4"
"Octonauts","4"
"El último testigo","4"
"On Yoga The Architecture of Peace","4"
"The Imaginarium of Doctor Parnassus","4"
"Ibrahim a Fate to Define","4"
"The Interpreter","4"
"The Kindergarten Teacher","4"
"Only God Forgives","4"
"In the Cut","4"
"Enter the Warriors Gate","4"
"The Life of David Gale","4"
"The Little Vampire","4"
"Backtrack","4"
"The Lost Brother","4"
"The Machinist","4"
"The Magic Pill","4"
"The Memory of Water","4"
"Cities of Last Things","4"
"Inxeba","4"
"Personal Shopper","4"
"The Piano","4"
"Clair Obscur","4"
"The Queen","4"
"The Real Miyagi","4"
"Cliffhanger","4"
"The Silence of Others","4"
"The Sky Is Pink","4"
"The Smurfs","4"
"The Smurfs 2","4"
"The Stolen","4"
"Cloud Atlas","4"
"Porto","4"
"The Titan","4"
"The Tourist","4"
"The Tudors","4"
"K-19: The Widowmaker","4"
"Power Rangers Wild Force","4"
"Kidnapping Mr. Heineken","4"
"Thorne: Sleepyhead","4"
"Queen of the South","4"
"Kings","4"
"Forgive Us Our Debts","4"
"Bobbi Jene","4"
"Rainbow Ruby","4"
"Troy","4"
"Tucker and Dale vs. Evil","4"
"Remember","4"
"Under the Shadow","4"
"Underworld","4"
"Cold Mountain","4"
"Unknown","4"
"LEGO Ninjago: Masters of Spinjitzu","4"
"La Reina del Sur","4"
"Room","4"
"From A to B","4"
"Wasp Network","4"
"West Beirut","4"
"What Happened to Monday","4"
"Where the Money Is","4"
"Whisky","4"
"Layla M.","4"
"Winnie","4"
"Bombay Rose","4"
"Scott Pilgrim vs. the World","4"
"You Carry Me","4"
"Secret in Their Eyes","4"
"Zak Storm","4"
"The Endless Trench","3"
"State of Play","3"
"The First Line","3"
"Black '47","3"
"Let's Eat 2","3"
"Green Eggs and Ham","3"
"24 Hours to Live","3"
"El señor de los Cielos","3"
"El testigo","3"
"The Girl with the Dragon Tattoo","3"
"The Gospel of John","3"
"The Gospel of Luke","3"
"V for Vendetta","3"
"Black Beach","3"
"The Guernsey Literary and Potato Peel Pie Society","3"
"I, Daniel Blake","3"
"The Happytime Murders","3"
"The Healer","3"
"Mary Magdalene","3"
"The Hundred-Foot Journey","3"
"Oloibiri","3"
"LEGO: CITY Adventures","3"
"Sicilian Ghost Story","3"
"The Impossible","3"
"The Indian Detective","3"
"Legend","3"
"Viceroy's House","3"
"Once Again","3"
"Ice Guardians","3"
"The Jungle Book","3"
"Marshall","3"
"La Viuda Negra","3"
"The King","3"
"The King's Speech","3"
"Shaun the Sheep: Adventures from Mossy Bottom","3"
"Star Men","3"
"Enemy","3"
"Charming","3"
"Operation Red Sea","3"
"In The Deep","3"
"Gosford Park","3"
"Come and Find Me","3"
"Babel","3"
"Maradona in Mexico","3"
"Searching for Sugar Man","3"
"Rumor Has It","3"
"Our House","3"
"Black Sea","3"
"Out of Life","3"
"Mandela: Long Walk to Freedom","3"
"All Dogs Go to Heaven","3"
"Age of Tanks","3"
"Man of Tai Chi","3"
"Special Correspondents","3"
"Chittagong","3"
"Rush","3"
"Chloe","3"
"From Paris with Love","3"
"A Family Affair","3"
"The Love Guru","3"
"The Lovely Bones","3"
"War Dogs","3"
"Last Breath","3"
"Even the Rain","3"
"Inkheart","3"
"Son of a Gun","3"
"Pac-Man and the Ghostly Adventures","3"
"Pachamama","3"
"The Mask of Zorro","3"
"Copenhagen","3"
"Blessed Benefit","3"
"Everybody Knows","3"
"Inspector Gadget","3"
"Extraction","3"
"Paranoia","3"
"The Most Assassinated Woman in the World","3"
"Into the Inferno","3"
"3 Days to Kill","3"
"Eye For An Eye","3"
"Watership Down","3"
"Belgica","3"
"Iron Sky: The Coming Race","3"
"The Nut Job","3"
"Penny Dreadful","3"
"Solomon Kane","3"
"Eyes of a Thief","3"
"The Other Side of the Wind","3"
"It Takes a Lunatic","3"
"F is for Family","3"
"We Are All For The Fatherland","3"
"Dark Places","3"
"Geronimo Stilton","3"
"JT LeRoy","3"
"Dark Crimes","3"
"Pets United","3"
"City of God","3"
"Philomena","3"
"Pieces of a Woman","3"
"We Are Your Friends","3"
"Beckett","3"
"We Summon the Darkness","3"
"The Railway Man","3"
"Clash of the Titans","3"
"Planet 51","3"
"Safe House","3"
"A Twelve Year Night","3"
"The Rezort","3"
"The Rift: The Dark Side of the Moon","3"
"Cleverman","3"
"Weapon of Choice","3"
"Jesus: Countdown to Calvary","3"
"Bright Star","3"
"The Score","3"
"22 July","3"
"The Secret Life of Pets 2","3"
"First Kill","3"
"Bakugan: Battle Planet","3"
"Polaroid","3"
"Polly Pocket","3"
"Lusers","3"
"Little Men","3"
"Senna","3"
"Bottersnikes & Gumbles","3"
"Borderliner","3"
"Skiptrace","3"
"The Square","3"
"Sand Storm","3"
"Joseph: King of Dreams","3"
"The Sum of All Fears","3"
"Crimson Peak","3"
"Skin Trade","3"
"When Hari Got Married","3"
"Just Friends","3"
"Power Rangers Lightspeed Rescue","3"
"When Two Worlds Collide","3"
"يوم الدين","3"
"The Trial of the Chicago 7","3"
"ZZ TOP: THAT LITTLE OL' BAND FROM TEXAS","3"
"Power Rangers Lost Galaxy","3"
"Whispers","3"
"Power Rangers Operation Overdrive","3"
"Follow Me","3"
"The Water Horse: Legend of the Deep","3"
"Power Rangers Turbo","3"
"The Willoughbys","3"
"The Witch","3"
"White Fang","3"
"Power Rangers Zeo","3"
"Power Rangers in Space","3"
"Alone in Berlin","3"
"Blue Is the Warmest Color","3"
"The Zookeeper's Wife","3"
"Santa's Apprentice","3"
"Puffin Rock","3"
"Clouds of Sils Maria","3"
"Pup Star: World Tour","3"
"Shepherds and Butchers","3"
"King of Peking","3"
"22-Jul","3"
"Tini: The New Life of Violetta","3"
"Tip the Mouse","3"
"Forever Pure","3"
"Tokyo Idols","3"
"Tokyo Trial","3"
"Why Me?","3"
"Wild Child","3"
"Top 10 Secrets and Mysteries","3"
"Total Drama","3"
"Compulsion","3"
"Tragic Jungle","3"
"Transcendence","3"
"A Land Imagined","3"
"Willy Wonka & the Chocolate Factory","3"
"Trash","3"
"Knock Knock","3"
"Knowing","3"
"Seoul Searching","3"
"A Monster Calls","3"
"Trese","3"
"Triple Threat","3"
"Ramen Shop","3"
"Brain on Fire","3"
"Wind River","3"
"Sin senos no hay paraíso","3"
"Ratchet and Clank","3"
"And Breathe Normally","3"
"Kong: King of the Apes","3"
"Taxi Ballad","3"
"Kraftidioten","3"
"Mission Blue","3"
"A Serious Man","3"
"Big Bad Beetleborgs","3"
"Molly's Game","3"
"Harold & Kumar Go to White Castle","3"
"Adrift","3"
"Terminator 3: Rise of the Machines","3"
"Winter on Fire: Ukraine's Fight for Freedom","3"
"Aruna & Her Palate","3"
"A Christmas Special: Miraculous: Tales of Ladybug & Cat Noir","3"
"Hardcore Henry","3"
"Rememory","3"
"Mile 22","3"
"Heidi","3"
"Helios","3"
"The Adventures of Tintin","3"
"Carol","3"
"Don't Be Afraid of the Dark","3"
"Hairspray","3"
"The Apostate","3"
"Hey Arnold! The Jungle Movie","3"
"Atlantics","3"
"The Artist","3"
"The Assignment","3"
"Una","3"
"The BFG","3"
"Much Ado About Nothing","3"
"The Bank Job","3"
"Hilda","3"
"The Black Prince","3"
"Silent Hill: Revelation","3"
"My Happy Family","3"
"Hail, Caesar!","3"
"Super Wings","3"
"Double Jeopardy","3"
"Under The Skin","3"
"The Boy","3"
"Dovlatov","3"
"Hop","3"
"Under the Bombs","3"
"By the Sea","3"
"The Brothers Grimm","3"
"April and the Extraordinary World","3"
"Summer of '92","3"
"Dramaworld","3"
"The Cat in the Hat Knows a Lot About That!","3"
"Wish Dragon","3"
"Casting JonBenet","3"
"Retablo","3"
"Duck Duck Goose","3"
"Kung Fu Hustle","3"
"Dukhtar","3"
"300 Miles to Heaven","3"
"Narcos","3"
"Memory Games","3"
"The Conjuring 2","3"
"Memoirs of a Geisha","3"
"The Crying Game","3"
"Bombairiya","3"
"Earthquake Bird","3"
"Coded Bias","3"
"Along Came a Spider","3"
"How to Change the World","3"
"Strawberry Shortcake: Berry Bitty Adventures","3"
"Next Gen","3"
"Nicky Jam: El Ganador","3"
"Coffee for All","3"
"Howards End","3"
"Hugo","3"
"Ninja Assassin","3"
"Medici: Masters of Florence","3"
"Belmonte","3"
"Saving Mr. Banks","3"
"No Direction Home: Bob Dylan","3"
"Hunter's Prayer","3"
"14 Blades","3"
"El Pepe, a Supreme Life","3"
"Noddy Toyland Detective","3"
"Birth of the Dragon","3"
"Kung Fu Yoga","3"
"Free Willy","3"
"Lift Like a Girl","3"
"I Am Sun Mu","3"
"Maya Memsaab","3"
"Naledi: A Baby Elephant's Tale","2"
"Narcos: Mexico","2"
"Nature's Great Events (2009)","2"
"Nature's Great Events: Diaries","2"
"Nature: Animals With Cameras","2"
"Nigerian Prince","2"
"Nights in Rodanthe","2"
"Ninja Turtles: The Next Mutation","2"
"No Escape","2"
"No Strings Attached","2"
"Nobody Speak: Trials of the Free Press","2"
"Norm of the North: Keys to the Kingdom","2"
"Nothing to Hide","2"
"Nowhere Boy","2"
"Occupied","2"
"Octonauts & the Ring of Fire","2"
"Oddbods","2"
"Offering to the Storm","2"
"Okja","2"
"Oktoberfest: Beer & Blood","2"
"On the Verge","2"
"Once Upon a Time in America","2"
"Once Upon a Time in the West","2"
"Only the Dead","2"
"Open Season 2","2"
"Open Season: Scared Silly","2"
"Ophelia","2"
"Orbiter 9","2"
"OtherLife","2"
"Otherhood","2"
"Our Planet","2"
"Outlaw King","2"
"Outside the Wire","2"
"Over the Moon","2"
"Oxygen","2"
"P","2"
"PJ Masks","2"
"Pablo Escobar: Angel or Demon?","2"
"Pacific Rim: The Black","2"
"Pahuna","2"
"Pan's Labyrinth","2"
"Paradise Hills","2"
"Paranormal Investigation","2"
"Pasión de Gavilanes","2"
"Peace Haven","2"
"Penalty Kick","2"
"Penelope","2"
"Penguin Bloom","2"
"People You May Know","2"
"Peppermint","2"
"Perdida","2"
"Peter Rabbit","2"
"Phantom Boy","2"
"Pinkfong & Baby Shark's Space Adventure","2"
"Pinky Memsaab","2"
"Planetarium","2"
"Platoon","2"
"Playing Hard","2"
"Poacher","2"
"Pocoyo","2"
"Point Blank","2"
"Polar","2"
"Poms","2"
"Popples","2"
"Population 436","2"
"Power Players","2"
"Power Rangers Ninja Storm","2"
"Power Rangers S.P.D.","2"
"Prague","2"
"Prom Night","2"
"Prospect","2"
"Punjab 1984","2"
"Puppy Star Christmas","2"
"Quantum of Solace","2"
"Queen of the Desert","2"
"Queer Eye: We're in Japan!","2"
"Quién te cantará","2"
"Quigley Down Under","2"
"RESIDENT EVIL: Infinite Darkness","2"
"ROMA","2"
"Ragnarok","2"
"Raising Victor Vargas","2"
"Rango","2"
"Real Steel","2"
"Reckoning","2"
"Revenge of the Green Dragons","2"
"Revenge of the Pontianak","2"
"Revolutionary Road","2"
"Ricky Zoom","2"
"Rilakkuma and Kaoru","2"
"Rip Tide","2"
"Ripper Street","2"
"Rize","2"
"Robotech","2"
"Rolling Papers","2"
"Roman Empire: Reign of Blood","2"
"Romeo Ranjha","2"
"Room on the Broom","2"
"Rugrats in Paris: The Movie","2"
"SHOT! The Psycho-Spiritual Mantra of Rock","2"
"Sacred Games","2"
"Sacro GRA","2"
"Sahara","2"
"Samson","2"
"Santana","2"
"Sarajevo","2"
"Sardaarji 2","2"
"Scandal in Sorrento","2"
"Schitt's Creek","2"
"School of Rock","2"
"Secret","2"
"Secret Magic Control Agency","2"
"Secrets of Westminster","2"
"Selena: The Series","2"
"Señora Acero","2"
"Sex Doll","2"
"Sharkdog","2"
"Shawn Mendes: Live in Concert","2"
"Sherlock","2"
"Shikari","2"
"Shimmer Lake","2"
"Shine Your Eyes","2"
"Shirkers","2"
"Shorts","2"
"Show Dogs","2"
"Shuddhi","2"
"Simon Killer","2"
"Sin Senos sí Hay Paraíso","2"
"Sin senos sí hay paraíso","2"
"Singapore","2"
"Singapore Social","2"
"Singularity","2"
"Sinister 2","2"
"Sitara: Let Girls Dream","2"
"Skater Girl","2"
"Skydancers","2"
"Skylanders Academy","2"
"Skylines","2"
"Slow West","2"
"Small Crimes","2"
"Sniper: Legacy","2"
"Snowpiercer","2"
"So My Grandma’s a Lesbian!","2"
"Sohni Mahiwal","2"
"Someone Has to Die","2"
"Spectral","2"
"Spotless","2"
"Spring Breakers","2"
"Sprinter","2"
"Spy Kids: Mission Critical","2"
"Star Trek","2"
"Stardust","2"
"Stargate","2"
"Stargate SG-1","2"
"Starship Troopers: Traitor of Mars","2"
"Steve Jobs","2"
"Stoked","2"
"Stowaway","2"
"Stranger than Fiction","2"
"Strictly Ballroom","2"
"Strike a Pose","2"
"Strong Island","2"
"Struggle: The Life and Lost Art of Szukalski","2"
"Stuart Little","2"
"Suburra","2"
"Suffragette","2"
"Sun Dogs","2"
"SunGanges","2"
"Sunrise","2"
"Supernatural","2"
"Surf's Up","2"
"Sweeney Todd: The Demon Barber of Fleet Street","2"
"Sweet Virginia","2"
"Swiss Army Man","2"
"THE RUM DIARY","2"
"Table Manners","2"
"Take Me Home Tonight","2"
"Taken","2"
"Tales of the City (1993)","2"
"Tango Feroz","2"
"Team America: World Police","2"
"Teenage Mutant Ninja Turtles","2"
"Teenage Mutant Ninja Turtles II: The Secret of the Ooze","2"
"Tellur Aliens","2"
"Temple","2"
"Tenacious D in The Pick of Destiny","2"
"Terrace House: Aloha State","2"
"Terrorism Close Calls","2"
"Tezz","2"
"The 100","2"
"The 4400","2"
"The 4th Company","2"
"The Adventures of Sonic the Hedgehog","2"
"The American","2"
"The Angel","2"
"The Angry Birds Movie 2","2"
"The Art of War","2"
"The Art of the Steal","2"
"The Autopsy of Jane Doe","2"
"The Baker and the Beauty","2"
"The Bar","2"
"The Blackcoat's Daughter","2"
"The Bleeding Edge","2"
"The Blind Christ","2"
"The Body Remembers When the World Broke Open","2"
"The Boy Who Cried Werewolf","2"
"The Boy Who Harnessed the Wind","2"
"The Boy in the Striped Pajamas","2"
"The Burial of Kojo","2"
"The Bye Bye Man","2"
"The Cakemaker","2"
"The Chosen","2"
"The Chosen Ones","2"
"The Christmas Candle","2"
"The Circle","2"
"The Circle Brazil","2"
"The Coldest Game","2"
"The Con Is On","2"
"The Crown","2"
"The Cuba Libre Story","2"
"The D Train","2"
"The Dark Crystal","2"
"The Dark Crystal: Age of Resistance","2"
"The Darkest Hour","2"
"The Dawn Wall","2"
"The Day My Butt Went Psycho!","2"
"The Day of the Lord","2"
"The Death and Life of Marsha P. Johnson","2"
"The Debt Collector","2"
"The Deep","2"
"The Departed","2"
"The Desert Bride","2"
"The Devil and Father Amorth","2"
"The Devil's Mistress","2"
"The Distinguished Citizen","2"
"The Dragon Prince","2"
"The Drowning","2"
"The Edge of Seventeen","2"
"The Eichmann Show","2"
"The Emigrant","2"
"The Exception","2"
"The Forbidden Kingdom","2"
"The Founder","2"
"The Furchester Hotel","2"
"The Garfield Show","2"
"The Ghost Bride","2"
"The Great Raid","2"
"The Green Inferno","2"
"The Guns of Navarone","2"
"The Hummingbird Project","2"
"The Hurricane Heist","2"
"The Ice Road","2"
"The Influence","2"
"The Invisible Guardian","2"
"The Iron Lady","2"
"The Killing of a Sacred Deer","2"
"The Kissing Booth","2"
"The Kissing Booth 2","2"
"The Kissing Booth 3","2"
"The Kite","2"
"The Knight and the Princess","2"
"The L Word","2"
"The Last Exorcism","2"
"The Last Runway","2"
"The Legacy of the Bones","2"
"The Lighthouse of the Orcas","2"
"The Lion Woman","2"
"The Little Hours","2"
"The Little Wars","2"
"The Lord of the Rings: The Return of the King","2"
"The Lord of the Rings: The Two Towers","2"
"The Losers","2"
"The Lost Pirate Kingdom","2"
"The Magic School Bus","2"
"The Magicians","2"
"The Man Without Gravity","2"
"The Mansion","2"
"The Men Who Stare at Goats","2"
"The Milk System","2"
"The Mirror Boy","2"
"The Mist","2"
"The Monster","2"
"The Motive","2"
"The New Legends of Monkey","2"
"The Next Skin","2"
"The Next Three Days","2"
"The Night Comes for Us","2"
"The November Man","2"
"The Open House","2"
"The Other","2"
"The Ottoman Lieutenant","2"
"The Outpost","2"
"The Phantom of the Opera","2"
"The Pink Panther","2"
"The Pirates! Band of Misfits","2"
"The Power of Grayskull: The Definitive History of He-Man and the Masters of the Universe","2"
"The Present","2"
"The Prince","2"
"The Prince & Me","2"
"The Rain","2"
"The Rainmaker","2"
"The Reason I Jump","2"
"The Ritual","2"
"The Rover","2"
"The Ruthless","2"
"The Secret","2"
"The Shadow of Violence","2"
"The Shannara Chronicles","2"
"The Show Must Go On: The Queen + Adam Lambert Story","2"
"The Siege of Jadotville","2"
"The Silence","2"
"The Soul","2"
"The Strangers: Prey at Night","2"
"The Super Mario Bros. Super Show!","2"
"The Taking of Pelham 123","2"
"The Theory of Everything","2"
"The Time Machine","2"
"The Two Popes","2"
"The Umbrella Academy","2"
"The Unknown Girl","2"
"The Water Diviner","2"
"The White Tiger","2"
"The Witcher","2"
"The Woods","2"
"The World Is Not Enough","2"
"The Worst Witch","2"
"The Worthy","2"
"The last hour","2"
"They Are Everywhere","2"
"Thithi","2"
"Thor: Tales of Asgard","2"
"Through My Father's Eyes: The Ronda Rousey Story","2"
"Time Share","2"
"To Be a Miss","2"
"Tomorrow Never Dies","2"
"Tony Manero","2"
"Total Recall","2"
"Transfers","2"
"Transformers: Rescue Bots","2"
"Travelers","2"
"Treehouse Detectives","2"
"Tremors 5: Bloodline","2"
"Tremors 6: A Cold Day in Hell","2"
"Trollhunters","2"
"True and the Rainbow Kingdom","2"
"True: Happy Hearts Day","2"
"Tunisian Victory","2"
"Twice","2"
"Tyson","2"
"Ultraman","2"
"Under Siege","2"
"Undercover","2"
"Underdogs","2"
"Underworld: Awakening","2"
"Underworld: Rise of the Lycans","2"
"Unfinished Song","2"
"Unfriended","2"
"Union Leader","2"
"Unrest","2"
"Untamed Romania","2"
"Vampire Academy","2"
"Versailles","2"
"Very Big Shot","2"
"Vientos de agua","2"
"Viking Destiny","2"
"Virsa","2"
"Virunga","2"
"Vivo","2"
"War","2"
"War Against Women","2"
"War Horse","2"
"We Are Family","2"
"We're No Animals","2"
"Welcome to New York","2"
"What Dreams May Come","2"
"What a Girl Wants","2"
"What's Up?","2"
"White Lines","2"
"Wild Oats","2"
"Winchester","2"
"Wives on Strike: The Revolution","2"
"World of Winx","2"
"Wynonna Earp","2"
"XX","2"
"Yellowbird","2"
"Yes Man","2"
"Yo-Kai Watch: The Movie","2"
"Yoko and His Friends","2"
"Your Son","2"
"Yu-Gi-Oh! Arc-V","2"
"Zapped","2"
"Zinzana","2"
"İstanbul Kırmızısı","2"
"10 Days in Sun City","2"
"اشتباك","2"
"10,000 B.C.","2"
"100 Meters","2"
"16 Blocks","2"
"1983","2"
"6 Days","2"
"72 Dangerous Animals: Latin America","2"
"A 3 Minute Hug","2"
"A Bad Moms Christmas","2"
"A Bridge Too Far","2"
"A Cinderella Story","2"
"A Clockwork Orange","2"
"A Family Man","2"
"A Kid from Coney Island","2"
"A Most Violent Year","2"
"A Plastic Ocean","2"
"A Private War","2"
"A Separation","2"
"A Tale of Love and Darkness","2"
"A Tale of Two Kitchens","2"
"A Very Country Christmas","2"
"A Yellow Bird","2"
"ARQ","2"
"ATM","2"
"Abby Hatcher","2"
"Across the Universe","2"
"Act of Vengeance","2"
"Acts of Vengeance","2"
"Adore","2"
"Adventures in Public School","2"
"After the Raid","2"
"Aftershock","2"
"Agent","2"
"Ainu Mosir","2"
"Air Force One","2"
"Albion: The Enchanted Stallion","2"
"Alelí","2"
"Alexandria ... Why?","2"
"Alexandria: Again and Forever","2"
"Alibaba Aur 40 Chor","2"
"Alive and Kicking","2"
"All Good Ones Get Away","2"
"Alpha and Omega: The Legend of the Saw Tooth Cave","2"
"Altered Carbon: Resleeved","2"
"Amanda Knox","2"
"Amandla! A Revolution in Four Part Harmony","2"
"American Heist","2"
"American Honey","2"
"American Psycho","2"
"American Ultra","2"
"American Woman","2"
"An American Girl: McKenna Shoots for the Stars","2"
"An Evening with Beverly Luff Linn","2"
"An Ordinary Man","2"
"An Unfinished Life","2"
"Anchor Baby","2"
"And Tomorrow the Entire World","2"
"Angela's Christmas","2"
"Angels & Demons","2"
"Angry Indian Goddesses","2"
"Animas","2"
"Apollo 18","2"
"Apostle","2"
"Arctic Heart","2"
"Arthur Christmas","2"
"Atomic Puppet","2"
"Avicii: True Stories","2"
"Aziza","2"
"Back to Q82","2"
"Bad Match","2"
"Bad Rap","2"
"Bad Seeds","2"
"Barbie Dolphin Magic","2"
"Barbie Dreamhouse Adventures","2"
"Barbie Life in the Dreamhouse","2"
"Barbie: Princess Charm School","2"
"Barbie: Spy Squad","2"
"Basic Instinct","2"
"Bayonet","2"
"Be Here Now","2"
"Bean: The Ultimate Disaster Movie","2"
"Beat Bugs","2"
"Beat Bugs: All Together Now","2"
"Becoming Jane","2"
"Behind ""The Cove"": The Quiet Japanese Speak Out","2"
"Benji","2"
"Beowulf","2"
"Best Lover","2"
"Beyond All Boundaries","2"
"Beyond the Clouds","2"
"Big Fat Liar","2"
"Big Miracle","2"
"Big Time Movie","2"
"Bigfoot Family","2"
"Bill Burr: Paper Tiger","2"
"Billy Elliot","2"
"Bir Baba Hindu","2"
"Birders","2"
"Birdshot","2"
"Black Hawk Down","2"
"Black Snow","2"
"Black Spot","2"
"Black Summer","2"
"Blind Intersections","2"
"Blinky Bill: The Movie","2"
"Bliss","2"
"Blood Will Tell","2"
"Blue Ruin","2"
"Blue Streak","2"
"Bobby Sands: 66 Days","2"
"Bokeh","2"
"Bordertown","2"
"Born in Syria","2"
"Born to Be Free","2"
"Bottom of the World","2"
"Boyka: Undisputed","2"
"Brahman Naman","2"
"Brave Blue World: Racing to Solve Our Water Crisis","2"
"Break","2"
"Brothers","2"
"Budapest","2"
"Buddi","2"
"Buffalo Boys","2"
"Bullet Head","2"
"Bureau of Magical Things","2"
"Burn Out","2"
"Burning","2"
"Cake","2"
"Camelia la Texana","2"
"Candyman","2"
"Cannon Busters","2"
"Capital in the Twenty-First Century","2"
"Carbon","2"
"Carmen Sandiego: To Steal or Not to Steal","2"
"Casa de mi Padre","2"
"Case 39","2"
"Catch Me If You Can","2"
"Cats & Dogs: The Revenge of Kitty Galore","2"
"Cézanne et moi","2"
"Chandani: The Daughter of the Elephant Whisperer","2"
"Chappaquiddick","2"
"Chappie","2"
"Charlie and the Chocolate Factory","2"
"Charlie's Angels","2"
"Chauthi Koot","2"
"Children of the Sea","2"
"Chip and Potato","2"
"Chitty Chitty Bang Bang","2"
"Christine","2"
"Christmas Crush","2"
"Clear and Present Danger","2"
"Close","2"
"Close Enemies","2"
"Closed Circuit","2"
"Cloudburst","2"
"Cloudy with a Chance of Meatballs","2"
"Club de Cuervos Presents: I, Potro","2"
"Coach Carter","2"
"Code Lyoko","2"
"Collateral","2"
"Concrete Cowboy","2"
"Concrete Football","2"
"Coven of Sisters","2"
"Crash","2"
"Creeped Out","2"
"Criminal Minds","2"
"Crocodile Dundee in Los Angeles","2"
"Crouching Tiger, Hidden Dragon: Sword of Destiny","2"
"Cupcake & Dino - General Services","2"
"Cursed","2"
"Cyborg 009 VS Devilman","2"
"DNA","2"
"Dagh Ujala","2"
"Dance Academy: The Comeback","2"
"Dance of the Forty One","2"
"Dances with Wolves","2"
"Dark","2"
"Daughters of the Dust","2"
"David Attenborough: A Life on Our Planet","2"
"David Brent: Life on the Road","2"
"Dead Kids","2"
"Deadwind","2"
"Death Race: Beyond Anarchy","2"
"Death of Me","2"
"Deep Blue Sea","2"
"Democrats","2"
"Despido Procedente","2"
"Destiny","2"
"Detour","2"
"Dhan Dhana Dhan Goal","2"
"Diary of a Chambermaid","2"
"Die Another Day","2"
"Dino Girl Gauko","2"
"Divines","2"
"Don 2","2"
"Don't F**k with Cats: Hunting an Internet Killer","2"
"Dostana","2"
"Dr. Seuss' The Lorax","2"
"Dries","2"
"Dry Martina","2"
"Dueños del paraíso","2"
"Earth and Blood","2"
"Eerie","2"
"El Chapo","2"
"El final del paraíso","2"
"El patrón, radiografía de un crimen","2"
"Elena","2"
"Empire Games","2"
"Enter the Anime","2"
"Enter the Dragon","2"
"Episodes","2"
"Equals","2"
"Equestria Girls: Tales of Canterlot High","2"
"Equinox","2"
"Errementari: The Blacksmith and the Devil","2"
"Escape from Planet Earth","2"
"Event Horizon","2"
"Extras","2"
"Fate: The Winx Saga","2"
"Fatima","2"
"Ferry","2"
"Final Account","2"
"Final Destination 2","2"
"Final Destination 3","2"
"Fire at Sea","2"
"First They Killed My Father","2"
"Flash of Genius","2"
"Flavors of Youth: International Version","2"
"Food on the Go","2"
"For Here or to Go?","2"
"For the Love of Spock","2"
"Four Christmases","2"
"Four Seasons in Havana","2"
"Fracture","2"
"Franca: Chaos and Creation","2"
"Frances Ha","2"
"Freaks","2"
"Freedom Writers","2"
"Freeway: Crack in the System","2"
"Freud","2"
"Fuga","2"
"Full Out","2"
"Funny Boy","2"
"Furthest Witness","2"
"Gabriel and the Mountain","2"
"Game Over (Tamil Version)","2"
"Gangs of New York","2"
"Gardeners of Eden","2"
"Garfield's Fun Fest","2"
"Garfield's Pet Force","2"
"Gehenna: Where Death Lives","2"
"George of the Jungle 2","2"
"Get In","2"
"Get Santa","2"
"Get on Up","2"
"Ghost House","2"
"Ghost Rider","2"
"Ghost in the Shell: SAC_2045","2"
"Girl","2"
"Girls With Balls","2"
"Go Dog Go","2"
"GoldenEye","2"
"Gomorrah","2"
"Good Luck Chuck","2"
"Good Witch","2"
"Goon","2"
"Goosebumps 2: Haunted Halloween","2"
"Gormiti","2"
"Gran Torino","2"
"Guatemala: Heart of the Mayan World","2"
"Gun City","2"
"Gypsy","2"
"HALO Legends","2"
"Habibie & Ainun","2"
"Hachi: A Dog's Tale","2"
"Hampstead","2"
"Harriet the Spy: Blog Wars","2"
"Haunted","2"
"Haunted: Latin America","2"
"Haven","2"
"Haywire","2"
"Hazaaron Khwaishein Aisi","2"
"He Even Has Your Eyes","2"
"He Named Me Malala","2"
"Headwinds","2"
"Hedgehogs","2"
"Helix","2"
"Hell on Wheels","2"
"High Strung Free Dance","2"
"Hisss","2"
"Hit & Run","2"
"Holidays","2"
"Homemade","2"
"Hope Frozen: A Quest to Live Twice","2"
"Hope: One in a Billion","2"
"Horns","2"
"Hotel Pacific","2"
"Hotel Transylvania","2"
"Hotel for Dogs","2"
"House at the End of the Street","2"
"House of Z","2"
"How the Beatles Changed the World","2"
"How to Be a Latin Lover","2"
"Hunter in the Blue Side of Manchester","2"
"Huntik: Secrets and Seekers","2"
"I AM A KILLER: RELEASED","2"
"I Am","2"
"I Am the Pretty Thing That Lives in the House","2"
"I Called Him Morgan","2"
"I Care a Lot","2"
"I'm Leaving Now","2"
"I'm No Longer Here","2"
"Igor","2"
"Ije: The Journey","2"
"Imagine That","2"
"In Darkness","2"
"In the Shadow of Iris","2"
"In the Shadow of the Moon","2"
"In the Tall Grass","2"
"Inception","2"
"Incoming","2"
"Inconceivable","2"
"Incorruptible","2"
"Indian Matchmaking","2"
"Inglourious Basterds","2"
"Inside the Criminal Mind","2"
"Insidious","2"
"Into the Grizzly Maze","2"
"Invader Zim: Enter the Florpus","2"
"Invisible","2"
"Is Love Enough? Sir","2"
"J-Style Trip","2"
"Jack Taylor","2"
"Jack and the Cuckoo-Clock Heart","2"
"Jarhead: Law of Return","2"
"Je Suis Karl","2"
"Jefe","2"
"Jeremiah Tower: The Last Magnificent","2"
"Jim & Andy: The Great Beyond - Featuring a Very Special, Contractually Obligated Mention of Tony Clifton","2"
"Jimmy Neutron: Boy Genius","2"
"Jinxed","2"
"Johnny Test","2"
"Jupiter Ascending","2"
"KENGAN ASHURA","2"
"Kartini: Princess of Java","2"
"Kill Bill: Vol. 1","2"
"King's Ransom","2"
"Kingdom","2"
"Kingsglaive: Final Fantasy XV","2"
"Kiss Me First","2"
"Klaus","2"
"Kodachrome","2"
"Kung Fu Magoo","2"
"Kung Fu Panda","2"
"Kung Fu Panda 2","2"
"LA Originals","2"
"LEGO Ninjago: Masters of Spinjitzu: Day of the Departed","2"
"La Doña","2"
"Labyrinth","2"
"Lagaan","2"
"Larceny","2"
"Last Flight to Abuja","2"
"Last Knights","2"
"Last Night","2"
"Late Life: The Chien-Ming Wang Story","2"
"Leap Year","2"
"Leap!","2"
"Left Behind","2"
"Legend of the Guardians: The Owls of Ga'Hoole","2"
"Leo the Lion","2"
"Les Misérables","2"
"Liberated: The New Sexual Revolution","2"
"Life Overtakes Me","2"
"Life in Color with David Attenborough","2"
"Lilyhammer","2"
"Lincoln","2"
"Lingua Franca","2"
"Locke","2"
"Locke & Key","2"
"Lockout","2"
"LoliRock","2"
"Lolita","2"
"Love Jacked","2"
"Love Wedding Repeat","2"
"Love, Rosie","2"
"Loving","2"
"Luna Petunia: Return to Amazia","2"
"Luo Bao Bei","2"
"Lupin","2"
"MFKZ","2"
"MILF","2"
"Maacher Jhol","2"
"Machete Kills","2"
"Mad Max","2"
"Magic Snowflake","2"
"Magical Andes","2"
"Mahmut & Meryem","2"
"Man Up","2"
"Marauders","2"
"Marriage Story","2"
"Marvel Anime: Wolverine","2"
"Mary Poppins Returns","2"
"Masha's Spooky Stories","2"
"Mayday Life","2"
"Medium","2"
"Menorca","2"
"Mi Obra Maestra","2"
"Michael Lost and Found","2"
"Middle School: The Worst Years of My Life","2"
"Midnight Special","2"
"Mighty Express","2"
"Mighty Morphin Power Rangers","2"
"Milada","2"
"Minecraft: Story Mode","2"
"Miracle","2"
"Mirai","2"
"Mirror Mirror","2"
"Misha and the Wolves","2"
"Mission Control: The Unsung Heroes of Apollo","2"
"Mission of Honor","2"
"Money","2"
"Monster Family","2"
"Monster Hunter: Legends of the Guild","2"
"Monster Island","2"
"Monster-in-Law","2"
"Monty Python's Fliegender Zirkus","2"
"Monty Python's Personal Best","2"
"Moon","2"
"Moonwalkers","2"
"Moor","2"
"Morris from America","2"
"Motown Magic","2"
"Mowgli: Legend of the Jungle","2"
"Much Loved","2"
"Mute","2"
"My Life as a Zucchini","2"
"My Little Pony Equestria Girls: Friendship Games","2"
"My Little Pony Equestria Girls: Legend of Everfree","2"
"My Little Pony Equestria Girls: Rainbow Rocks","2"
"My Little Pony Equestria Girls: Rollercoaster of Friendship","2"
"My Little Pony: Friendship Is Magic","2"
"My Step Dad: The Hippie","2"
"My Week with Marilyn","2"
"Mystic River","2"
"Nacho Libre","2"
"Naga The Eternal Yogi","2"
"Nailed It! Mexico","2"
